{
  "price_per_sqft": {
    "dtype": "float64",
    "null_pct": 0.0,
    "mean": 258.56827318049517,
    "std": 517.8287983483972,
    "min": 0.0,
    "max": 370000.0
  },
  "bath_per_bed": {
    "dtype": "float64",
    "null_pct": 0.0,
    "mean": 0.56456580120254,
    "std": 0.30309246503237125,
    "min": 0.01,
    "max": 230.0
  },
  "price_log": {
    "dtype": "float64",
    "null_pct": 0.0693203017154903,
    "mean": 12.545807026594526,
    "std": 1.165632024041283,
    "min": 0.0,
    "max": 20.72326583794641
  },
  "house_size_log": {
    "dtype": "float64",
    "null_pct": 25.524318999152584,
    "mean": 7.491546807908772,
    "std": 0.48810893988038334,
    "min": 1.6094379124341003,
    "max": 20.762871476967376
  },
  "acre_lot_log": {
    "dtype": "float64",
    "null_pct": 14.624936743353187,
    "mean": 0.6297443808396983,
    "std": 0.9505399020563783,
    "min": 0.0,
    "max": 11.51293546492023
  },
  "price_vs_city_median": {
    "dtype": "float64",
    "null_pct": 0.0,
    "mean": 2.523397871001528,
    "std": 660.2083211756465,
    "min": 0.0,
    "max": 675000.0
  },
  "is_large_property": {
    "dtype": "int32",
    "null_pct": 0.0,
    "mean": 0.1860950661312684,
    "std": 0.3891835118326503,
    "min": 0.0,
    "max": 1.0
  },
  "zip_listing_count": {
    "dtype": "int64",
    "null_pct": 0.0,
    "mean": 163.78667014016776,
    "std": 155.74258635272085,
    "min": 1.0,
    "max": 1437.0
  }
}